UniqueId,SaveQueryResults,SaveMatrices,SaveEdges,PRIO_GRID_GID,ActionGeo_CountryCode,Latitude,Longitude,Distance,Unit,ActionGeo_Type,Actor1Name,Actor1CountryCode,Actor1Geo_CountryCode,Actor2Name,Actor2CountryCode,Actor2Geo_CountryCode,StartDate,EndDate,Frequency
PG-250124,FALSE,FALSE,FALSE,250124,,,,,,,,,,,,,19900101,20221231,annually
PG-246533,FALSE,FALSE,FALSE,246533,,,,,,,,,,,,,19900101,20221231,annually
PG-245264,FALSE,FALSE,FALSE,245264,,,,,,,,,,,,,19900101,20221231,annually
PG-245030,FALSE,FALSE,FALSE,245030,,,,,,,,,,,,,19900101,20221231,annually
PG-244465,FALSE,FALSE,FALSE,244465,,,,,,,,,,,,,19900101,20221231,annually
PG-243570,FALSE,FALSE,FALSE,243570,,,,,,,,,,,,,19900101,20221231,annually
PG-243569,FALSE,FALSE,FALSE,243569,,,,,,,,,,,,,19900101,20221231,annually
PG-243565,FALSE,FALSE,FALSE,243565,,,,,,,,,,,,,19900101,20221231,annually
PG-243056,FALSE,FALSE,FALSE,243056,,,,,,,,,,,,,19900101,20221231,annually
PG-242791,FALSE,FALSE,FALSE,242791,,,,,,,,,,,,,19900101,20221231,annually
PG-241767,FALSE,FALSE,FALSE,241767,,,,,,,,,,,,,19900101,20221231,annually
PG-241589,FALSE,FALSE,FALSE,241589,,,,,,,,,,,,,19900101,20221231,annually
PG-241525,FALSE,FALSE,FALSE,241525,,,,,,,,,,,,,19900101,20221231,annually
PG-240869,FALSE,FALSE,FALSE,240869,,,,,,,,,,,,,19900101,20221231,annually
PG-240344,FALSE,FALSE,FALSE,240344,,,,,,,,,,,,,19900101,20221231,annually
PG-240155,FALSE,FALSE,FALSE,240155,,,,,,,,,,,,,19900101,20221231,annually
PG-239921,FALSE,FALSE,FALSE,239921,,,,,,,,,,,,,19900101,20221231,annually
PG-239287,FALSE,FALSE,FALSE,239287,,,,,,,,,,,,,19900101,20221231,annually
PG-239191,FALSE,FALSE,FALSE,239191,,,,,,,,,,,,,19900101,20221231,annually
PG-239181,FALSE,FALSE,FALSE,239181,,,,,,,,,,,,,19900101,20221231,annually
PG-238518,FALSE,FALSE,FALSE,238518,,,,,,,,,,,,,19900101,20221231,annually
PG-238254,FALSE,FALSE,FALSE,238254,,,,,,,,,,,,,19900101,20221231,annually
PG-237199,FALSE,FALSE,FALSE,237199,,,,,,,,,,,,,19900101,20221231,annually
PG-237063,FALSE,FALSE,FALSE,237063,,,,,,,,,,,,,19900101,20221231,annually
PG-237062,FALSE,FALSE,FALSE,237062,,,,,,,,,,,,,19900101,20221231,annually
PG-236686,FALSE,FALSE,FALSE,236686,,,,,,,,,,,,,19900101,20221231,annually
PG-235965,FALSE,FALSE,FALSE,235965,,,,,,,,,,,,,19900101,20221231,annually
PG-235908,FALSE,FALSE,FALSE,235908,,,,,,,,,,,,,19900101,20221231,annually
PG-235553,FALSE,FALSE,FALSE,235553,,,,,,,,,,,,,19900101,20221231,annually
PG-235332,FALSE,FALSE,FALSE,235332,,,,,,,,,,,,,19900101,20221231,annually
PG-235310,FALSE,FALSE,FALSE,235310,,,,,,,,,,,,,19900101,20221231,annually
PG-235188,FALSE,FALSE,FALSE,235188,,,,,,,,,,,,,19900101,20221231,annually
PG-234167,FALSE,FALSE,FALSE,234167,,,,,,,,,,,,,19900101,20221231,annually
PG-233471,FALSE,FALSE,FALSE,233471,,,,,,,,,,,,,19900101,20221231,annually
PG-233211,FALSE,FALSE,FALSE,233211,,,,,,,,,,,,,19900101,20221231,annually
PG-233149,FALSE,FALSE,FALSE,233149,,,,,,,,,,,,,19900101,20221231,annually
PG-231780,FALSE,FALSE,FALSE,231780,,,,,,,,,,,,,19900101,20221231,annually
PG-231742,FALSE,FALSE,FALSE,231742,,,,,,,,,,,,,19900101,20221231,annually
PG-230711,FALSE,FALSE,FALSE,230711,,,,,,,,,,,,,19900101,20221231,annually
PG-230567,FALSE,FALSE,FALSE,230567,,,,,,,,,,,,,19900101,20221231,annually
PG-230369,FALSE,FALSE,FALSE,230369,,,,,,,,,,,,,19900101,20221231,annually
PG-230345,FALSE,FALSE,FALSE,230345,,,,,,,,,,,,,19900101,20221231,annually
PG-230216,FALSE,FALSE,FALSE,230216,,,,,,,,,,,,,19900101,20221231,annually
PG-230104,FALSE,FALSE,FALSE,230104,,,,,,,,,,,,,19900101,20221231,annually
PG-229365,FALSE,FALSE,FALSE,229365,,,,,,,,,,,,,19900101,20221231,annually
PG-229132,FALSE,FALSE,FALSE,229132,,,,,,,,,,,,,19900101,20221231,annually
PG-228698,FALSE,FALSE,FALSE,228698,,,,,,,,,,,,,19900101,20221231,annually
PG-228675,FALSE,FALSE,FALSE,228675,,,,,,,,,,,,,19900101,20221231,annually
PG-228077,FALSE,FALSE,FALSE,228077,,,,,,,,,,,,,19900101,20221231,annually
PG-227334,FALSE,FALSE,FALSE,227334,,,,,,,,,,,,,19900101,20221231,annually
PG-227296,FALSE,FALSE,FALSE,227296,,,,,,,,,,,,,19900101,20221231,annually
PG-226687,FALSE,FALSE,FALSE,226687,,,,,,,,,,,,,19900101,20221231,annually
PG-226625,FALSE,FALSE,FALSE,226625,,,,,,,,,,,,,19900101,20221231,annually
PG-226544,FALSE,FALSE,FALSE,226544,,,,,,,,,,,,,19900101,20221231,annually
PG-226539,FALSE,FALSE,FALSE,226539,,,,,,,,,,,,,19900101,20221231,annually
PG-226501,FALSE,FALSE,FALSE,226501,,,,,,,,,,,,,19900101,20221231,annually
PG-226484,FALSE,FALSE,FALSE,226484,,,,,,,,,,,,,19900101,20221231,annually
PG-226374,FALSE,FALSE,FALSE,226374,,,,,,,,,,,,,19900101,20221231,annually
PG-226373,FALSE,FALSE,FALSE,226373,,,,,,,,,,,,,19900101,20221231,annually
PG-226207,FALSE,FALSE,FALSE,226207,,,,,,,,,,,,,19900101,20221231,annually
PG-225784,FALSE,FALSE,FALSE,225784,,,,,,,,,,,,,19900101,20221231,annually
PG-225385,FALSE,FALSE,FALSE,225385,,,,,,,,,,,,,19900101,20221231,annually
PG-225342,FALSE,FALSE,FALSE,225342,,,,,,,,,,,,,19900101,20221231,annually
PG-225290,FALSE,FALSE,FALSE,225290,,,,,,,,,,,,,19900101,20221231,annually
PG-225212,FALSE,FALSE,FALSE,225212,,,,,,,,,,,,,19900101,20221231,annually
PG-225145,FALSE,FALSE,FALSE,225145,,,,,,,,,,,,,19900101,20221231,annually
PG-225040,FALSE,FALSE,FALSE,225040,,,,,,,,,,,,,19900101,20221231,annually
PG-224961,FALSE,FALSE,FALSE,224961,,,,,,,,,,,,,19900101,20221231,annually
PG-224830,FALSE,FALSE,FALSE,224830,,,,,,,,,,,,,19900101,20221231,annually
PG-224457,FALSE,FALSE,FALSE,224457,,,,,,,,,,,,,19900101,20221231,annually
PG-224382,FALSE,FALSE,FALSE,224382,,,,,,,,,,,,,19900101,20221231,annually
PG-224011,FALSE,FALSE,FALSE,224011,,,,,,,,,,,,,19900101,20221231,annually
PG-224001,FALSE,FALSE,FALSE,224001,,,,,,,,,,,,,19900101,20221231,annually
PG-223982,FALSE,FALSE,FALSE,223982,,,,,,,,,,,,,19900101,20221231,annually
PG-223908,FALSE,FALSE,FALSE,223908,,,,,,,,,,,,,19900101,20221231,annually
PG-223714,FALSE,FALSE,FALSE,223714,,,,,,,,,,,,,19900101,20221231,annually
PG-223459,FALSE,FALSE,FALSE,223459,,,,,,,,,,,,,19900101,20221231,annually
PG-223272,FALSE,FALSE,FALSE,223272,,,,,,,,,,,,,19900101,20221231,annually
PG-223148,FALSE,FALSE,FALSE,223148,,,,,,,,,,,,,19900101,20221231,annually
PG-223146,FALSE,FALSE,FALSE,223146,,,,,,,,,,,,,19900101,20221231,annually
PG-223085,FALSE,FALSE,FALSE,223085,,,,,,,,,,,,,19900101,20221231,annually
PG-223009,FALSE,FALSE,FALSE,223009,,,,,,,,,,,,,19900101,20221231,annually
PG-222932,FALSE,FALSE,FALSE,222932,,,,,,,,,,,,,19900101,20221231,annually
PG-222871,FALSE,FALSE,FALSE,222871,,,,,,,,,,,,,19900101,20221231,annually
PG-222803,FALSE,FALSE,FALSE,222803,,,,,,,,,,,,,19900101,20221231,annually
PG-222607,FALSE,FALSE,FALSE,222607,,,,,,,,,,,,,19900101,20221231,annually
PG-222529,FALSE,FALSE,FALSE,222529,,,,,,,,,,,,,19900101,20221231,annually
PG-222438,FALSE,FALSE,FALSE,222438,,,,,,,,,,,,,19900101,20221231,annually
PG-222307,FALSE,FALSE,FALSE,222307,,,,,,,,,,,,,19900101,20221231,annually
PG-222243,FALSE,FALSE,FALSE,222243,,,,,,,,,,,,,19900101,20221231,annually
PG-221960,FALSE,FALSE,FALSE,221960,,,,,,,,,,,,,19900101,20221231,annually
PG-221959,FALSE,FALSE,FALSE,221959,,,,,,,,,,,,,19900101,20221231,annually
PG-221937,FALSE,FALSE,FALSE,221937,,,,,,,,,,,,,19900101,20221231,annually
PG-221923,FALSE,FALSE,FALSE,221923,,,,,,,,,,,,,19900101,20221231,annually
PG-221824,FALSE,FALSE,FALSE,221824,,,,,,,,,,,,,19900101,20221231,annually
PG-221797,FALSE,FALSE,FALSE,221797,,,,,,,,,,,,,19900101,20221231,annually
PG-221773,FALSE,FALSE,FALSE,221773,,,,,,,,,,,,,19900101,20221231,annually
PG-221653,FALSE,FALSE,FALSE,221653,,,,,,,,,,,,,19900101,20221231,annually
PG-221567,FALSE,FALSE,FALSE,221567,,,,,,,,,,,,,19900101,20221231,annually
PG-221461,FALSE,FALSE,FALSE,221461,,,,,,,,,,,,,19900101,20221231,annually
PG-221299,FALSE,FALSE,FALSE,221299,,,,,,,,,,,,,19900101,20221231,annually
PG-221106,FALSE,FALSE,FALSE,221106,,,,,,,,,,,,,19900101,20221231,annually
PG-221092,FALSE,FALSE,FALSE,221092,,,,,,,,,,,,,19900101,20221231,annually
PG-220993,FALSE,FALSE,FALSE,220993,,,,,,,,,,,,,19900101,20221231,annually
PG-220757,FALSE,FALSE,FALSE,220757,,,,,,,,,,,,,19900101,20221231,annually
PG-220755,FALSE,FALSE,FALSE,220755,,,,,,,,,,,,,19900101,20221231,annually
PG-220750,FALSE,FALSE,FALSE,220750,,,,,,,,,,,,,19900101,20221231,annually
PG-220392,FALSE,FALSE,FALSE,220392,,,,,,,,,,,,,19900101,20221231,annually
PG-220209,FALSE,FALSE,FALSE,220209,,,,,,,,,,,,,19900101,20221231,annually
PG-220195,FALSE,FALSE,FALSE,220195,,,,,,,,,,,,,19900101,20221231,annually
PG-220050,FALSE,FALSE,FALSE,220050,,,,,,,,,,,,,19900101,20221231,annually
PG-219828,FALSE,FALSE,FALSE,219828,,,,,,,,,,,,,19900101,20221231,annually
PG-219805,FALSE,FALSE,FALSE,219805,,,,,,,,,,,,,19900101,20221231,annually
PG-219738,FALSE,FALSE,FALSE,219738,,,,,,,,,,,,,19900101,20221231,annually
PG-219698,FALSE,FALSE,FALSE,219698,,,,,,,,,,,,,19900101,20221231,annually
PG-219434,FALSE,FALSE,FALSE,219434,,,,,,,,,,,,,19900101,20221231,annually
PG-219327,FALSE,FALSE,FALSE,219327,,,,,,,,,,,,,19900101,20221231,annually
PG-218928,FALSE,FALSE,FALSE,218928,,,,,,,,,,,,,19900101,20221231,annually
PG-218769,FALSE,FALSE,FALSE,218769,,,,,,,,,,,,,19900101,20221231,annually
PG-218435,FALSE,FALSE,FALSE,218435,,,,,,,,,,,,,19900101,20221231,annually
PG-218423,FALSE,FALSE,FALSE,218423,,,,,,,,,,,,,19900101,20221231,annually
PG-218108,FALSE,FALSE,FALSE,218108,,,,,,,,,,,,,19900101,20221231,annually
PG-218058,FALSE,FALSE,FALSE,218058,,,,,,,,,,,,,19900101,20221231,annually
PG-218016,FALSE,FALSE,FALSE,218016,,,,,,,,,,,,,19900101,20221231,annually
PG-218004,FALSE,FALSE,FALSE,218004,,,,,,,,,,,,,19900101,20221231,annually
PG-217882,FALSE,FALSE,FALSE,217882,,,,,,,,,,,,,19900101,20221231,annually
PG-217714,FALSE,FALSE,FALSE,217714,,,,,,,,,,,,,19900101,20221231,annually
PG-217536,FALSE,FALSE,FALSE,217536,,,,,,,,,,,,,19900101,20221231,annually
PG-217535,FALSE,FALSE,FALSE,217535,,,,,,,,,,,,,19900101,20221231,annually
PG-217495,FALSE,FALSE,FALSE,217495,,,,,,,,,,,,,19900101,20221231,annually
PG-217309,FALSE,FALSE,FALSE,217309,,,,,,,,,,,,,19900101,20221231,annually
PG-217208,FALSE,FALSE,FALSE,217208,,,,,,,,,,,,,19900101,20221231,annually
PG-217149,FALSE,FALSE,FALSE,217149,,,,,,,,,,,,,19900101,20221231,annually
PG-216867,FALSE,FALSE,FALSE,216867,,,,,,,,,,,,,19900101,20221231,annually
PG-216771,FALSE,FALSE,FALSE,216771,,,,,,,,,,,,,19900101,20221231,annually
PG-216576,FALSE,FALSE,FALSE,216576,,,,,,,,,,,,,19900101,20221231,annually
PG-216558,FALSE,FALSE,FALSE,216558,,,,,,,,,,,,,19900101,20221231,annually
PG-216553,FALSE,FALSE,FALSE,216553,,,,,,,,,,,,,19900101,20221231,annually
PG-216432,FALSE,FALSE,FALSE,216432,,,,,,,,,,,,,19900101,20221231,annually
PG-216116,FALSE,FALSE,FALSE,216116,,,,,,,,,,,,,19900101,20221231,annually
PG-216056,FALSE,FALSE,FALSE,216056,,,,,,,,,,,,,19900101,20221231,annually
PG-215956,FALSE,FALSE,FALSE,215956,,,,,,,,,,,,,19900101,20221231,annually
PG-215918,FALSE,FALSE,FALSE,215918,,,,,,,,,,,,,19900101,20221231,annually
PG-215878,FALSE,FALSE,FALSE,215878,,,,,,,,,,,,,19900101,20221231,annually
PG-215877,FALSE,FALSE,FALSE,215877,,,,,,,,,,,,,19900101,20221231,annually
PG-215851,FALSE,FALSE,FALSE,215851,,,,,,,,,,,,,19900101,20221231,annually
PG-215735,FALSE,FALSE,FALSE,215735,,,,,,,,,,,,,19900101,20221231,annually
PG-215552,FALSE,FALSE,FALSE,215552,,,,,,,,,,,,,19900101,20221231,annually
PG-215404,FALSE,FALSE,FALSE,215404,,,,,,,,,,,,,19900101,20221231,annually
PG-215084,FALSE,FALSE,FALSE,215084,,,,,,,,,,,,,19900101,20221231,annually
PG-215059,FALSE,FALSE,FALSE,215059,,,,,,,,,,,,,19900101,20221231,annually
PG-214992,FALSE,FALSE,FALSE,214992,,,,,,,,,,,,,19900101,20221231,annually
PG-214773,FALSE,FALSE,FALSE,214773,,,,,,,,,,,,,19900101,20221231,annually
PG-214772,FALSE,FALSE,FALSE,214772,,,,,,,,,,,,,19900101,20221231,annually
PG-214317,FALSE,FALSE,FALSE,214317,,,,,,,,,,,,,19900101,20221231,annually
PG-214296,FALSE,FALSE,FALSE,214296,,,,,,,,,,,,,19900101,20221231,annually
PG-213942,FALSE,FALSE,FALSE,213942,,,,,,,,,,,,,19900101,20221231,annually
PG-213707,FALSE,FALSE,FALSE,213707,,,,,,,,,,,,,19900101,20221231,annually
PG-213678,FALSE,FALSE,FALSE,213678,,,,,,,,,,,,,19900101,20221231,annually
PG-213600,FALSE,FALSE,FALSE,213600,,,,,,,,,,,,,19900101,20221231,annually
PG-213289,FALSE,FALSE,FALSE,213289,,,,,,,,,,,,,19900101,20221231,annually
PG-213286,FALSE,FALSE,FALSE,213286,,,,,,,,,,,,,19900101,20221231,annually
PG-213256,FALSE,FALSE,FALSE,213256,,,,,,,,,,,,,19900101,20221231,annually
PG-213031,FALSE,FALSE,FALSE,213031,,,,,,,,,,,,,19900101,20221231,annually
PG-213017,FALSE,FALSE,FALSE,213017,,,,,,,,,,,,,19900101,20221231,annually
PG-212919,FALSE,FALSE,FALSE,212919,,,,,,,,,,,,,19900101,20221231,annually
PG-212565,FALSE,FALSE,FALSE,212565,,,,,,,,,,,,,19900101,20221231,annually
PG-212246,FALSE,FALSE,FALSE,212246,,,,,,,,,,,,,19900101,20221231,annually
PG-211499,FALSE,FALSE,FALSE,211499,,,,,,,,,,,,,19900101,20221231,annually
PG-211482,FALSE,FALSE,FALSE,211482,,,,,,,,,,,,,19900101,20221231,annually
PG-211476,FALSE,FALSE,FALSE,211476,,,,,,,,,,,,,19900101,20221231,annually
PG-211125,FALSE,FALSE,FALSE,211125,,,,,,,,,,,,,19900101,20221231,annually
PG-211078,FALSE,FALSE,FALSE,211078,,,,,,,,,,,,,19900101,20221231,annually
PG-210924,FALSE,FALSE,FALSE,210924,,,,,,,,,,,,,19900101,20221231,annually
PG-210917,FALSE,FALSE,FALSE,210917,,,,,,,,,,,,,19900101,20221231,annually
PG-210852,FALSE,FALSE,FALSE,210852,,,,,,,,,,,,,19900101,20221231,annually
PG-210850,FALSE,FALSE,FALSE,210850,,,,,,,,,,,,,19900101,20221231,annually
PG-210828,FALSE,FALSE,FALSE,210828,,,,,,,,,,,,,19900101,20221231,annually
PG-210819,FALSE,FALSE,FALSE,210819,,,,,,,,,,,,,19900101,20221231,annually
PG-210753,FALSE,FALSE,FALSE,210753,,,,,,,,,,,,,19900101,20221231,annually
PG-210738,FALSE,FALSE,FALSE,210738,,,,,,,,,,,,,19900101,20221231,annually
PG-210599,FALSE,FALSE,FALSE,210599,,,,,,,,,,,,,19900101,20221231,annually
PG-210585,FALSE,FALSE,FALSE,210585,,,,,,,,,,,,,19900101,20221231,annually
PG-210405,FALSE,FALSE,FALSE,210405,,,,,,,,,,,,,19900101,20221231,annually
PG-210154,FALSE,FALSE,FALSE,210154,,,,,,,,,,,,,19900101,20221231,annually
PG-210108,FALSE,FALSE,FALSE,210108,,,,,,,,,,,,,19900101,20221231,annually
PG-210056,FALSE,FALSE,FALSE,210056,,,,,,,,,,,,,19900101,20221231,annually
PG-210031,FALSE,FALSE,FALSE,210031,,,,,,,,,,,,,19900101,20221231,annually
PG-210022,FALSE,FALSE,FALSE,210022,,,,,,,,,,,,,19900101,20221231,annually
PG-209492,FALSE,FALSE,FALSE,209492,,,,,,,,,,,,,19900101,20221231,annually
PG-209477,FALSE,FALSE,FALSE,209477,,,,,,,,,,,,,19900101,20221231,annually
PG-209420,FALSE,FALSE,FALSE,209420,,,,,,,,,,,,,19900101,20221231,annually
PG-209346,FALSE,FALSE,FALSE,209346,,,,,,,,,,,,,19900101,20221231,annually
PG-209334,FALSE,FALSE,FALSE,209334,,,,,,,,,,,,,19900101,20221231,annually
PG-209309,FALSE,FALSE,FALSE,209309,,,,,,,,,,,,,19900101,20221231,annually
PG-208479,FALSE,FALSE,FALSE,208479,,,,,,,,,,,,,19900101,20221231,annually
PG-207988,FALSE,FALSE,FALSE,207988,,,,,,,,,,,,,19900101,20221231,annually
PG-207934,FALSE,FALSE,FALSE,207934,,,,,,,,,,,,,19900101,20221231,annually
PG-207390,FALSE,FALSE,FALSE,207390,,,,,,,,,,,,,19900101,20221231,annually
PG-207281,FALSE,FALSE,FALSE,207281,,,,,,,,,,,,,19900101,20221231,annually
PG-207258,FALSE,FALSE,FALSE,207258,,,,,,,,,,,,,19900101,20221231,annually
PG-207247,FALSE,FALSE,FALSE,207247,,,,,,,,,,,,,19900101,20221231,annually
PG-207193,FALSE,FALSE,FALSE,207193,,,,,,,,,,,,,19900101,20221231,annually
PG-207128,FALSE,FALSE,FALSE,207128,,,,,,,,,,,,,19900101,20221231,annually
PG-206870,FALSE,FALSE,FALSE,206870,,,,,,,,,,,,,19900101,20221231,annually
PG-206666,FALSE,FALSE,FALSE,206666,,,,,,,,,,,,,19900101,20221231,annually
PG-206474,FALSE,FALSE,FALSE,206474,,,,,,,,,,,,,19900101,20221231,annually
PG-206412,FALSE,FALSE,FALSE,206412,,,,,,,,,,,,,19900101,20221231,annually
PG-206403,FALSE,FALSE,FALSE,206403,,,,,,,,,,,,,19900101,20221231,annually
PG-205837,FALSE,FALSE,FALSE,205837,,,,,,,,,,,,,19900101,20221231,annually
PG-205330,FALSE,FALSE,FALSE,205330,,,,,,,,,,,,,19900101,20221231,annually
PG-205120,FALSE,FALSE,FALSE,205120,,,,,,,,,,,,,19900101,20221231,annually
PG-205119,FALSE,FALSE,FALSE,205119,,,,,,,,,,,,,19900101,20221231,annually
PG-205080,FALSE,FALSE,FALSE,205080,,,,,,,,,,,,,19900101,20221231,annually
PG-205010,FALSE,FALSE,FALSE,205010,,,,,,,,,,,,,19900101,20221231,annually
PG-204700,FALSE,FALSE,FALSE,204700,,,,,,,,,,,,,19900101,20221231,annually
PG-204498,FALSE,FALSE,FALSE,204498,,,,,,,,,,,,,19900101,20221231,annually
PG-204343,FALSE,FALSE,FALSE,204343,,,,,,,,,,,,,19900101,20221231,annually
PG-204342,FALSE,FALSE,FALSE,204342,,,,,,,,,,,,,19900101,20221231,annually
PG-204337,FALSE,FALSE,FALSE,204337,,,,,,,,,,,,,19900101,20221231,annually
PG-204310,FALSE,FALSE,FALSE,204310,,,,,,,,,,,,,19900101,20221231,annually
PG-204254,FALSE,FALSE,FALSE,204254,,,,,,,,,,,,,19900101,20221231,annually
PG-203600,FALSE,FALSE,FALSE,203600,,,,,,,,,,,,,19900101,20221231,annually
PG-203544,FALSE,FALSE,FALSE,203544,,,,,,,,,,,,,19900101,20221231,annually
PG-202854,FALSE,FALSE,FALSE,202854,,,,,,,,,,,,,19900101,20221231,annually
PG-202845,FALSE,FALSE,FALSE,202845,,,,,,,,,,,,,19900101,20221231,annually
PG-202842,FALSE,FALSE,FALSE,202842,,,,,,,,,,,,,19900101,20221231,annually
PG-202796,FALSE,FALSE,FALSE,202796,,,,,,,,,,,,,19900101,20221231,annually
PG-202553,FALSE,FALSE,FALSE,202553,,,,,,,,,,,,,19900101,20221231,annually
PG-202214,FALSE,FALSE,FALSE,202214,,,,,,,,,,,,,19900101,20221231,annually
PG-202190,FALSE,FALSE,FALSE,202190,,,,,,,,,,,,,19900101,20221231,annually
PG-202187,FALSE,FALSE,FALSE,202187,,,,,,,,,,,,,19900101,20221231,annually
PG-202169,FALSE,FALSE,FALSE,202169,,,,,,,,,,,,,19900101,20221231,annually
PG-202147,FALSE,FALSE,FALSE,202147,,,,,,,,,,,,,19900101,20221231,annually
PG-202140,FALSE,FALSE,FALSE,202140,,,,,,,,,,,,,19900101,20221231,annually
PG-202090,FALSE,FALSE,FALSE,202090,,,,,,,,,,,,,19900101,20221231,annually
PG-201477,FALSE,FALSE,FALSE,201477,,,,,,,,,,,,,19900101,20221231,annually
PG-201424,FALSE,FALSE,FALSE,201424,,,,,,,,,,,,,19900101,20221231,annually
PG-201352,FALSE,FALSE,FALSE,201352,,,,,,,,,,,,,19900101,20221231,annually
PG-201350,FALSE,FALSE,FALSE,201350,,,,,,,,,,,,,19900101,20221231,annually
PG-200770,FALSE,FALSE,FALSE,200770,,,,,,,,,,,,,19900101,20221231,annually
PG-200747,FALSE,FALSE,FALSE,200747,,,,,,,,,,,,,19900101,20221231,annually
PG-200632,FALSE,FALSE,FALSE,200632,,,,,,,,,,,,,19900101,20221231,annually
PG-200004,FALSE,FALSE,FALSE,200004,,,,,,,,,,,,,19900101,20221231,annually
PG-199353,FALSE,FALSE,FALSE,199353,,,,,,,,,,,,,19900101,20221231,annually
PG-199341,FALSE,FALSE,FALSE,199341,,,,,,,,,,,,,19900101,20221231,annually
PG-199313,FALSE,FALSE,FALSE,199313,,,,,,,,,,,,,19900101,20221231,annually
PG-199288,FALSE,FALSE,FALSE,199288,,,,,,,,,,,,,19900101,20221231,annually
PG-199250,FALSE,FALSE,FALSE,199250,,,,,,,,,,,,,19900101,20221231,annually
PG-198525,FALSE,FALSE,FALSE,198525,,,,,,,,,,,,,19900101,20221231,annually
PG-198468,FALSE,FALSE,FALSE,198468,,,,,,,,,,,,,19900101,20221231,annually
PG-197839,FALSE,FALSE,FALSE,197839,,,,,,,,,,,,,19900101,20221231,annually
PG-197763,FALSE,FALSE,FALSE,197763,,,,,,,,,,,,,19900101,20221231,annually
PG-197516,FALSE,FALSE,FALSE,197516,,,,,,,,,,,,,19900101,20221231,annually
PG-197119,FALSE,FALSE,FALSE,197119,,,,,,,,,,,,,19900101,20221231,annually
PG-197026,FALSE,FALSE,FALSE,197026,,,,,,,,,,,,,19900101,20221231,annually
PG-196471,FALSE,FALSE,FALSE,196471,,,,,,,,,,,,,19900101,20221231,annually
PG-196462,FALSE,FALSE,FALSE,196462,,,,,,,,,,,,,19900101,20221231,annually
PG-196420,FALSE,FALSE,FALSE,196420,,,,,,,,,,,,,19900101,20221231,annually
PG-196387,FALSE,FALSE,FALSE,196387,,,,,,,,,,,,,19900101,20221231,annually
PG-196386,FALSE,FALSE,FALSE,196386,,,,,,,,,,,,,19900101,20221231,annually
PG-196381,FALSE,FALSE,FALSE,196381,,,,,,,,,,,,,19900101,20221231,annually
PG-196368,FALSE,FALSE,FALSE,196368,,,,,,,,,,,,,19900101,20221231,annually
PG-196332,FALSE,FALSE,FALSE,196332,,,,,,,,,,,,,19900101,20221231,annually
PG-196274,FALSE,FALSE,FALSE,196274,,,,,,,,,,,,,19900101,20221231,annually
PG-196273,FALSE,FALSE,FALSE,196273,,,,,,,,,,,,,19900101,20221231,annually
PG-196272,FALSE,FALSE,FALSE,196272,,,,,,,,,,,,,19900101,20221231,annually
PG-196088,FALSE,FALSE,FALSE,196088,,,,,,,,,,,,,19900101,20221231,annually
PG-195746,FALSE,FALSE,FALSE,195746,,,,,,,,,,,,,19900101,20221231,annually
PG-195707,FALSE,FALSE,FALSE,195707,,,,,,,,,,,,,19900101,20221231,annually
PG-195684,FALSE,FALSE,FALSE,195684,,,,,,,,,,,,,19900101,20221231,annually
PG-195664,FALSE,FALSE,FALSE,195664,,,,,,,,,,,,,19900101,20221231,annually
PG-195649,FALSE,FALSE,FALSE,195649,,,,,,,,,,,,,19900101,20221231,annually
PG-195026,FALSE,FALSE,FALSE,195026,,,,,,,,,,,,,19900101,20221231,annually
PG-194952,FALSE,FALSE,FALSE,194952,,,,,,,,,,,,,19900101,20221231,annually
PG-194912,FALSE,FALSE,FALSE,194912,,,,,,,,,,,,,19900101,20221231,annually
PG-194276,FALSE,FALSE,FALSE,194276,,,,,,,,,,,,,19900101,20221231,annually
PG-194237,FALSE,FALSE,FALSE,194237,,,,,,,,,,,,,19900101,20221231,annually
PG-194173,FALSE,FALSE,FALSE,194173,,,,,,,,,,,,,19900101,20221231,annually
PG-193552,FALSE,FALSE,FALSE,193552,,,,,,,,,,,,,19900101,20221231,annually
PG-193550,FALSE,FALSE,FALSE,193550,,,,,,,,,,,,,19900101,20221231,annually
PG-193529,FALSE,FALSE,FALSE,193529,,,,,,,,,,,,,19900101,20221231,annually
PG-193492,FALSE,FALSE,FALSE,193492,,,,,,,,,,,,,19900101,20221231,annually
PG-192847,FALSE,FALSE,FALSE,192847,,,,,,,,,,,,,19900101,20221231,annually
PG-192148,FALSE,FALSE,FALSE,192148,,,,,,,,,,,,,19900101,20221231,annually
PG-192125,FALSE,FALSE,FALSE,192125,,,,,,,,,,,,,19900101,20221231,annually
PG-192114,FALSE,FALSE,FALSE,192114,,,,,,,,,,,,,19900101,20221231,annually
PG-192109,FALSE,FALSE,FALSE,192109,,,,,,,,,,,,,19900101,20221231,annually
PG-192026,FALSE,FALSE,FALSE,192026,,,,,,,,,,,,,19900101,20221231,annually
PG-191976,FALSE,FALSE,FALSE,191976,,,,,,,,,,,,,19900101,20221231,annually
PG-189940,FALSE,FALSE,FALSE,189940,,,,,,,,,,,,,19900101,20221231,annually
PG-189884,FALSE,FALSE,FALSE,189884,,,,,,,,,,,,,19900101,20221231,annually
PG-189883,FALSE,FALSE,FALSE,189883,,,,,,,,,,,,,19900101,20221231,annually
PG-188479,FALSE,FALSE,FALSE,188479,,,,,,,,,,,,,19900101,20221231,annually
PG-188458,FALSE,FALSE,FALSE,188458,,,,,,,,,,,,,19900101,20221231,annually
PG-188432,FALSE,FALSE,FALSE,188432,,,,,,,,,,,,,19900101,20221231,annually
PG-188382,FALSE,FALSE,FALSE,188382,,,,,,,,,,,,,19900101,20221231,annually
PG-187688,FALSE,FALSE,FALSE,187688,,,,,,,,,,,,,19900101,20221231,annually
PG-187040,FALSE,FALSE,FALSE,187040,,,,,,,,,,,,,19900101,20221231,annually
PG-187033,FALSE,FALSE,FALSE,187033,,,,,,,,,,,,,19900101,20221231,annually
PG-186958,FALSE,FALSE,FALSE,186958,,,,,,,,,,,,,19900101,20221231,annually
PG-185579,FALSE,FALSE,FALSE,185579,,,,,,,,,,,,,19900101,20221231,annually
PG-185550,FALSE,FALSE,FALSE,185550,,,,,,,,,,,,,19900101,20221231,annually
PG-184120,FALSE,FALSE,FALSE,184120,,,,,,,,,,,,,19900101,20221231,annually
PG-183440,FALSE,FALSE,FALSE,183440,,,,,,,,,,,,,19900101,20221231,annually
PG-183433,FALSE,FALSE,FALSE,183433,,,,,,,,,,,,,19900101,20221231,annually
PG-183370,FALSE,FALSE,FALSE,183370,,,,,,,,,,,,,19900101,20221231,annually
PG-178918,FALSE,FALSE,FALSE,178918,,,,,,,,,,,,,19900101,20221231,annually
PG-177687,FALSE,FALSE,FALSE,177687,,,,,,,,,,,,,19900101,20221231,annually
PG-177655,FALSE,FALSE,FALSE,177655,,,,,,,,,,,,,19900101,20221231,annually
PG-177648,FALSE,FALSE,FALSE,177648,,,,,,,,,,,,,19900101,20221231,annually
PG-177592,FALSE,FALSE,FALSE,177592,,,,,,,,,,,,,19900101,20221231,annually
PG-177485,FALSE,FALSE,FALSE,177485,,,,,,,,,,,,,19900101,20221231,annually
PG-177484,FALSE,FALSE,FALSE,177484,,,,,,,,,,,,,19900101,20221231,annually
PG-177483,FALSE,FALSE,FALSE,177483,,,,,,,,,,,,,19900101,20221231,annually
PG-176775,FALSE,FALSE,FALSE,176775,,,,,,,,,,,,,19900101,20221231,annually
PG-176232,FALSE,FALSE,FALSE,176232,,,,,,,,,,,,,19900101,20221231,annually
PG-175549,FALSE,FALSE,FALSE,175549,,,,,,,,,,,,,19900101,20221231,annually
PG-175434,FALSE,FALSE,FALSE,175434,,,,,,,,,,,,,19900101,20221231,annually
PG-174719,FALSE,FALSE,FALSE,174719,,,,,,,,,,,,,19900101,20221231,annually
PG-174716,FALSE,FALSE,FALSE,174716,,,,,,,,,,,,,19900101,20221231,annually
PG-174658,FALSE,FALSE,FALSE,174658,,,,,,,,,,,,,19900101,20221231,annually
PG-173901,FALSE,FALSE,FALSE,173901,,,,,,,,,,,,,19900101,20221231,annually
PG-172950,FALSE,FALSE,FALSE,172950,,,,,,,,,,,,,19900101,20221231,annually
PG-172821,FALSE,FALSE,FALSE,172821,,,,,,,,,,,,,19900101,20221231,annually
PG-172611,FALSE,FALSE,FALSE,172611,,,,,,,,,,,,,19900101,20221231,annually
PG-172550,FALSE,FALSE,FALSE,172550,,,,,,,,,,,,,19900101,20221231,annually
PG-172518,FALSE,FALSE,FALSE,172518,,,,,,,,,,,,,19900101,20221231,annually
PG-172454,FALSE,FALSE,FALSE,172454,,,,,,,,,,,,,19900101,20221231,annually
PG-171803,FALSE,FALSE,FALSE,171803,,,,,,,,,,,,,19900101,20221231,annually
PG-171765,FALSE,FALSE,FALSE,171765,,,,,,,,,,,,,19900101,20221231,annually
PG-171722,FALSE,FALSE,FALSE,171722,,,,,,,,,,,,,19900101,20221231,annually
PG-171065,FALSE,FALSE,FALSE,171065,,,,,,,,,,,,,19900101,20221231,annually
PG-170983,FALSE,FALSE,FALSE,170983,,,,,,,,,,,,,19900101,20221231,annually
PG-170324,FALSE,FALSE,FALSE,170324,,,,,,,,,,,,,19900101,20221231,annually
PG-170311,FALSE,FALSE,FALSE,170311,,,,,,,,,,,,,19900101,20221231,annually
PG-169593,FALSE,FALSE,FALSE,169593,,,,,,,,,,,,,19900101,20221231,annually
PG-169564,FALSE,FALSE,FALSE,169564,,,,,,,,,,,,,19900101,20221231,annually
PG-168820,FALSE,FALSE,FALSE,168820,,,,,,,,,,,,,19900101,20221231,annually
PG-168611,FALSE,FALSE,FALSE,168611,,,,,,,,,,,,,19900101,20221231,annually
PG-166031,FALSE,FALSE,FALSE,166031,,,,,,,,,,,,,19900101,20221231,annually
PG-165983,FALSE,FALSE,FALSE,165983,,,,,,,,,,,,,19900101,20221231,annually
PG-165949,FALSE,FALSE,FALSE,165949,,,,,,,,,,,,,19900101,20221231,annually
PG-164523,FALSE,FALSE,FALSE,164523,,,,,,,,,,,,,19900101,20221231,annually
PG-163781,FALSE,FALSE,FALSE,163781,,,,,,,,,,,,,19900101,20221231,annually
PG-161729,FALSE,FALSE,FALSE,161729,,,,,,,,,,,,,19900101,20221231,annually
PG-161705,FALSE,FALSE,FALSE,161705,,,,,,,,,,,,,19900101,20221231,annually
PG-161628,FALSE,FALSE,FALSE,161628,,,,,,,,,,,,,19900101,20221231,annually
PG-161410,FALSE,FALSE,FALSE,161410,,,,,,,,,,,,,19900101,20221231,annually
PG-160993,FALSE,FALSE,FALSE,160993,,,,,,,,,,,,,19900101,20221231,annually
PG-160749,FALSE,FALSE,FALSE,160749,,,,,,,,,,,,,19900101,20221231,annually
PG-160169,FALSE,FALSE,FALSE,160169,,,,,,,,,,,,,19900101,20221231,annually
PG-159564,FALSE,FALSE,FALSE,159564,,,,,,,,,,,,,19900101,20221231,annually
PG-159453,FALSE,FALSE,FALSE,159453,,,,,,,,,,,,,19900101,20221231,annually
PG-158793,FALSE,FALSE,FALSE,158793,,,,,,,,,,,,,19900101,20221231,annually
PG-158579,FALSE,FALSE,FALSE,158579,,,,,,,,,,,,,19900101,20221231,annually
PG-158131,FALSE,FALSE,FALSE,158131,,,,,,,,,,,,,19900101,20221231,annually
PG-156682,FALSE,FALSE,FALSE,156682,,,,,,,,,,,,,19900101,20221231,annually
PG-156641,FALSE,FALSE,FALSE,156641,,,,,,,,,,,,,19900101,20221231,annually
PG-156411,FALSE,FALSE,FALSE,156411,,,,,,,,,,,,,19900101,20221231,annually
PG-155983,FALSE,FALSE,FALSE,155983,,,,,,,,,,,,,19900101,20221231,annually
PG-155271,FALSE,FALSE,FALSE,155271,,,,,,,,,,,,,19900101,20221231,annually
PG-155224,FALSE,FALSE,FALSE,155224,,,,,,,,,,,,,19900101,20221231,annually
PG-155132,FALSE,FALSE,FALSE,155132,,,,,,,,,,,,,19900101,20221231,annually
PG-154512,FALSE,FALSE,FALSE,154512,,,,,,,,,,,,,19900101,20221231,annually
PG-153069,FALSE,FALSE,FALSE,153069,,,,,,,,,,,,,19900101,20221231,annually
PG-153065,FALSE,FALSE,FALSE,153065,,,,,,,,,,,,,19900101,20221231,annually
PG-153045,FALSE,FALSE,FALSE,153045,,,,,,,,,,,,,19900101,20221231,annually
PG-153044,FALSE,FALSE,FALSE,153044,,,,,,,,,,,,,19900101,20221231,annually
PG-153013,FALSE,FALSE,FALSE,153013,,,,,,,,,,,,,19900101,20221231,annually
PG-152351,FALSE,FALSE,FALSE,152351,,,,,,,,,,,,,19900101,20221231,annually
PG-152235,FALSE,FALSE,FALSE,152235,,,,,,,,,,,,,19900101,20221231,annually
PG-151622,FALSE,FALSE,FALSE,151622,,,,,,,,,,,,,19900101,20221231,annually
PG-151532,FALSE,FALSE,FALSE,151532,,,,,,,,,,,,,19900101,20221231,annually
PG-150901,FALSE,FALSE,FALSE,150901,,,,,,,,,,,,,19900101,20221231,annually
PG-150894,FALSE,FALSE,FALSE,150894,,,,,,,,,,,,,19900101,20221231,annually
PG-150893,FALSE,FALSE,FALSE,150893,,,,,,,,,,,,,19900101,20221231,annually
PG-150879,FALSE,FALSE,FALSE,150879,,,,,,,,,,,,,19900101,20221231,annually
PG-150369,FALSE,FALSE,FALSE,150369,,,,,,,,,,,,,19900101,20221231,annually
PG-148753,FALSE,FALSE,FALSE,148753,,,,,,,,,,,,,19900101,20221231,annually
PG-147277,FALSE,FALSE,FALSE,147277,,,,,,,,,,,,,19900101,20221231,annually
PG-146392,FALSE,FALSE,FALSE,146392,,,,,,,,,,,,,19900101,20221231,annually
PG-145298,FALSE,FALSE,FALSE,145298,,,,,,,,,,,,,19900101,20221231,annually
PG-145118,FALSE,FALSE,FALSE,145118,,,,,,,,,,,,,19900101,20221231,annually
PG-144594,FALSE,FALSE,FALSE,144594,,,,,,,,,,,,,19900101,20221231,annually
PG-144432,FALSE,FALSE,FALSE,144432,,,,,,,,,,,,,19900101,20221231,annually
PG-144345,FALSE,FALSE,FALSE,144345,,,,,,,,,,,,,19900101,20221231,annually
PG-143737,FALSE,FALSE,FALSE,143737,,,,,,,,,,,,,19900101,20221231,annually
PG-143722,FALSE,FALSE,FALSE,143722,,,,,,,,,,,,,19900101,20221231,annually
PG-143067,FALSE,FALSE,FALSE,143067,,,,,,,,,,,,,19900101,20221231,annually
PG-142987,FALSE,FALSE,FALSE,142987,,,,,,,,,,,,,19900101,20221231,annually
PG-141529,FALSE,FALSE,FALSE,141529,,,,,,,,,,,,,19900101,20221231,annually
PG-141098,FALSE,FALSE,FALSE,141098,,,,,,,,,,,,,19900101,20221231,annually
PG-141071,FALSE,FALSE,FALSE,141071,,,,,,,,,,,,,19900101,20221231,annually
PG-140815,FALSE,FALSE,FALSE,140815,,,,,,,,,,,,,19900101,20221231,annually
PG-140639,FALSE,FALSE,FALSE,140639,,,,,,,,,,,,,19900101,20221231,annually
PG-139403,FALSE,FALSE,FALSE,139403,,,,,,,,,,,,,19900101,20221231,annually
PG-139186,FALSE,FALSE,FALSE,139186,,,,,,,,,,,,,19900101,20221231,annually
PG-137243,FALSE,FALSE,FALSE,137243,,,,,,,,,,,,,19900101,20221231,annually
PG-135096,FALSE,FALSE,FALSE,135096,,,,,,,,,,,,,19900101,20221231,annually
PG-135043,FALSE,FALSE,FALSE,135043,,,,,,,,,,,,,19900101,20221231,annually
PG-134862,FALSE,FALSE,FALSE,134862,,,,,,,,,,,,,19900101,20221231,annually
PG-134314,FALSE,FALSE,FALSE,134314,,,,,,,,,,,,,19900101,20221231,annually
PG-133458,FALSE,FALSE,FALSE,133458,,,,,,,,,,,,,19900101,20221231,annually
PG-132705,FALSE,FALSE,FALSE,132705,,,,,,,,,,,,,19900101,20221231,annually
PG-132696,FALSE,FALSE,FALSE,132696,,,,,,,,,,,,,19900101,20221231,annually
PG-132166,FALSE,FALSE,FALSE,132166,,,,,,,,,,,,,19900101,20221231,annually
PG-131982,FALSE,FALSE,FALSE,131982,,,,,,,,,,,,,19900101,20221231,annually
PG-131641,FALSE,FALSE,FALSE,131641,,,,,,,,,,,,,19900101,20221231,annually
PG-131277,FALSE,FALSE,FALSE,131277,,,,,,,,,,,,,19900101,20221231,annually
PG-130705,FALSE,FALSE,FALSE,130705,,,,,,,,,,,,,19900101,20221231,annually
PG-130562,FALSE,FALSE,FALSE,130562,,,,,,,,,,,,,19900101,20221231,annually
PG-129449,FALSE,FALSE,FALSE,129449,,,,,,,,,,,,,19900101,20221231,annually
PG-129443,FALSE,FALSE,FALSE,129443,,,,,,,,,,,,,19900101,20221231,annually
PG-129259,FALSE,FALSE,FALSE,129259,,,,,,,,,,,,,19900101,20221231,annually
PG-128756,FALSE,FALSE,FALSE,128756,,,,,,,,,,,,,19900101,20221231,annually
PG-128543,FALSE,FALSE,FALSE,128543,,,,,,,,,,,,,19900101,20221231,annually
PG-127676,FALSE,FALSE,FALSE,127676,,,,,,,,,,,,,19900101,20221231,annually
PG-127350,FALSE,FALSE,FALSE,127350,,,,,,,,,,,,,19900101,20221231,annually
PG-127338,FALSE,FALSE,FALSE,127338,,,,,,,,,,,,,19900101,20221231,annually
PG-127115,FALSE,FALSE,FALSE,127115,,,,,,,,,,,,,19900101,20221231,annually
PG-126950,FALSE,FALSE,FALSE,126950,,,,,,,,,,,,,19900101,20221231,annually
PG-126943,FALSE,FALSE,FALSE,126943,,,,,,,,,,,,,19900101,20221231,annually
PG-126652,FALSE,FALSE,FALSE,126652,,,,,,,,,,,,,19900101,20221231,annually
PG-126392,FALSE,FALSE,FALSE,126392,,,,,,,,,,,,,19900101,20221231,annually
PG-125863,FALSE,FALSE,FALSE,125863,,,,,,,,,,,,,19900101,20221231,annually
PG-125679,FALSE,FALSE,FALSE,125679,,,,,,,,,,,,,19900101,20221231,annually
PG-125524,FALSE,FALSE,FALSE,125524,,,,,,,,,,,,,19900101,20221231,annually
PG-125515,FALSE,FALSE,FALSE,125515,,,,,,,,,,,,,19900101,20221231,annually
PG-125195,FALSE,FALSE,FALSE,125195,,,,,,,,,,,,,19900101,20221231,annually
PG-125179,FALSE,FALSE,FALSE,125179,,,,,,,,,,,,,19900101,20221231,annually
PG-124837,FALSE,FALSE,FALSE,124837,,,,,,,,,,,,,19900101,20221231,annually
PG-124810,FALSE,FALSE,FALSE,124810,,,,,,,,,,,,,19900101,20221231,annually
PG-124241,FALSE,FALSE,FALSE,124241,,,,,,,,,,,,,19900101,20221231,annually
PG-124097,FALSE,FALSE,FALSE,124097,,,,,,,,,,,,,19900101,20221231,annually
PG-123744,FALSE,FALSE,FALSE,123744,,,,,,,,,,,,,19900101,20221231,annually
PG-123690,FALSE,FALSE,FALSE,123690,,,,,,,,,,,,,19900101,20221231,annually
PG-123685,FALSE,FALSE,FALSE,123685,,,,,,,,,,,,,19900101,20221231,annually
PG-123067,FALSE,FALSE,FALSE,123067,,,,,,,,,,,,,19900101,20221231,annually
PG-122635,FALSE,FALSE,FALSE,122635,,,,,,,,,,,,,19900101,20221231,annually
PG-122634,FALSE,FALSE,FALSE,122634,,,,,,,,,,,,,19900101,20221231,annually
PG-122630,FALSE,FALSE,FALSE,122630,,,,,,,,,,,,,19900101,20221231,annually
PG-121923,FALSE,FALSE,FALSE,121923,,,,,,,,,,,,,19900101,20221231,annually
PG-121361,FALSE,FALSE,FALSE,121361,,,,,,,,,,,,,19900101,20221231,annually
PG-120849,FALSE,FALSE,FALSE,120849,,,,,,,,,,,,,19900101,20221231,annually
PG-120472,FALSE,FALSE,FALSE,120472,,,,,,,,,,,,,19900101,20221231,annually
PG-120123,FALSE,FALSE,FALSE,120123,,,,,,,,,,,,,19900101,20221231,annually
PG-119430,FALSE,FALSE,FALSE,119430,,,,,,,,,,,,,19900101,20221231,annually
PG-119266,FALSE,FALSE,FALSE,119266,,,,,,,,,,,,,19900101,20221231,annually
PG-119228,FALSE,FALSE,FALSE,119228,,,,,,,,,,,,,19900101,20221231,annually
PG-119195,FALSE,FALSE,FALSE,119195,,,,,,,,,,,,,19900101,20221231,annually
PG-119074,FALSE,FALSE,FALSE,119074,,,,,,,,,,,,,19900101,20221231,annually
PG-118720,FALSE,FALSE,FALSE,118720,,,,,,,,,,,,,19900101,20221231,annually
PG-118716,FALSE,FALSE,FALSE,118716,,,,,,,,,,,,,19900101,20221231,annually
PG-118308,FALSE,FALSE,FALSE,118308,,,,,,,,,,,,,19900101,20221231,annually
PG-117576,FALSE,FALSE,FALSE,117576,,,,,,,,,,,,,19900101,20221231,annually
PG-117230,FALSE,FALSE,FALSE,117230,,,,,,,,,,,,,19900101,20221231,annually
PG-116849,FALSE,FALSE,FALSE,116849,,,,,,,,,,,,,19900101,20221231,annually
PG-116722,FALSE,FALSE,FALSE,116722,,,,,,,,,,,,,19900101,20221231,annually
PG-116334,FALSE,FALSE,FALSE,116334,,,,,,,,,,,,,19900101,20221231,annually
PG-116201,FALSE,FALSE,FALSE,116201,,,,,,,,,,,,,19900101,20221231,annually
PG-116144,FALSE,FALSE,FALSE,116144,,,,,,,,,,,,,19900101,20221231,annually
PG-116135,FALSE,FALSE,FALSE,116135,,,,,,,,,,,,,19900101,20221231,annually
PG-115458,FALSE,FALSE,FALSE,115458,,,,,,,,,,,,,19900101,20221231,annually
PG-115431,FALSE,FALSE,FALSE,115431,,,,,,,,,,,,,19900101,20221231,annually
PG-115106,FALSE,FALSE,FALSE,115106,,,,,,,,,,,,,19900101,20221231,annually
PG-114765,FALSE,FALSE,FALSE,114765,,,,,,,,,,,,,19900101,20221231,annually
PG-114713,FALSE,FALSE,FALSE,114713,,,,,,,,,,,,,19900101,20221231,annually
PG-113321,FALSE,FALSE,FALSE,113321,,,,,,,,,,,,,19900101,20221231,annually
PG-112719,FALSE,FALSE,FALSE,112719,,,,,,,,,,,,,19900101,20221231,annually
PG-112034,FALSE,FALSE,FALSE,112034,,,,,,,,,,,,,19900101,20221231,annually
PG-112005,FALSE,FALSE,FALSE,112005,,,,,,,,,,,,,19900101,20221231,annually
PG-111826,FALSE,FALSE,FALSE,111826,,,,,,,,,,,,,19900101,20221231,annually
PG-111122,FALSE,FALSE,FALSE,111122,,,,,,,,,,,,,19900101,20221231,annually
PG-110547,FALSE,FALSE,FALSE,110547,,,,,,,,,,,,,19900101,20221231,annually
PG-110433,FALSE,FALSE,FALSE,110433,,,,,,,,,,,,,19900101,20221231,annually
PG-110427,FALSE,FALSE,FALSE,110427,,,,,,,,,,,,,19900101,20221231,annually
PG-108953,FALSE,FALSE,FALSE,108953,,,,,,,,,,,,,19900101,20221231,annually
PG-108276,FALSE,FALSE,FALSE,108276,,,,,,,,,,,,,19900101,20221231,annually
PG-108216,FALSE,FALSE,FALSE,108216,,,,,,,,,,,,,19900101,20221231,annually
PG-107894,FALSE,FALSE,FALSE,107894,,,,,,,,,,,,,19900101,20221231,annually
PG-106972,FALSE,FALSE,FALSE,106972,,,,,,,,,,,,,19900101,20221231,annually
PG-106611,FALSE,FALSE,FALSE,106611,,,,,,,,,,,,,19900101,20221231,annually
PG-106237,FALSE,FALSE,FALSE,106237,,,,,,,,,,,,,19900101,20221231,annually
PG-106123,FALSE,FALSE,FALSE,106123,,,,,,,,,,,,,19900101,20221231,annually
PG-106080,FALSE,FALSE,FALSE,106080,,,,,,,,,,,,,19900101,20221231,annually
PG-105767,FALSE,FALSE,FALSE,105767,,,,,,,,,,,,,19900101,20221231,annually
PG-105197,FALSE,FALSE,FALSE,105197,,,,,,,,,,,,,19900101,20221231,annually
PG-104854,FALSE,FALSE,FALSE,104854,,,,,,,,,,,,,19900101,20221231,annually
PG-104805,FALSE,FALSE,FALSE,104805,,,,,,,,,,,,,19900101,20221231,annually
PG-104343,FALSE,FALSE,FALSE,104343,,,,,,,,,,,,,19900101,20221231,annually
PG-104307,FALSE,FALSE,FALSE,104307,,,,,,,,,,,,,19900101,20221231,annually
PG-103209,FALSE,FALSE,FALSE,103209,,,,,,,,,,,,,19900101,20221231,annually
PG-103036,FALSE,FALSE,FALSE,103036,,,,,,,,,,,,,19900101,20221231,annually
PG-102509,FALSE,FALSE,FALSE,102509,,,,,,,,,,,,,19900101,20221231,annually
PG-102179,FALSE,FALSE,FALSE,102179,,,,,,,,,,,,,19900101,20221231,annually
PG-102138,FALSE,FALSE,FALSE,102138,,,,,,,,,,,,,19900101,20221231,annually
PG-101492,FALSE,FALSE,FALSE,101492,,,,,,,,,,,,,19900101,20221231,annually
PG-101460,FALSE,FALSE,FALSE,101460,,,,,,,,,,,,,19900101,20221231,annually
PG-99600,FALSE,FALSE,FALSE,99600,,,,,,,,,,,,,19900101,20221231,annually
PG-99586,FALSE,FALSE,FALSE,99586,,,,,,,,,,,,,19900101,20221231,annually
PG-99371,FALSE,FALSE,FALSE,99371,,,,,,,,,,,,,19900101,20221231,annually
PG-99271,FALSE,FALSE,FALSE,99271,,,,,,,,,,,,,19900101,20221231,annually
PG-99037,FALSE,FALSE,FALSE,99037,,,,,,,,,,,,,19900101,20221231,annually
PG-98879,FALSE,FALSE,FALSE,98879,,,,,,,,,,,,,19900101,20221231,annually
PG-98158,FALSE,FALSE,FALSE,98158,,,,,,,,,,,,,19900101,20221231,annually
PG-97838,FALSE,FALSE,FALSE,97838,,,,,,,,,,,,,19900101,20221231,annually
PG-97464,FALSE,FALSE,FALSE,97464,,,,,,,,,,,,,19900101,20221231,annually
PG-96714,FALSE,FALSE,FALSE,96714,,,,,,,,,,,,,19900101,20221231,annually
PG-96368,FALSE,FALSE,FALSE,96368,,,,,,,,,,,,,19900101,20221231,annually
PG-96005,FALSE,FALSE,FALSE,96005,,,,,,,,,,,,,19900101,20221231,annually
PG-95995,FALSE,FALSE,FALSE,95995,,,,,,,,,,,,,19900101,20221231,annually
PG-94946,FALSE,FALSE,FALSE,94946,,,,,,,,,,,,,19900101,20221231,annually
PG-94938,FALSE,FALSE,FALSE,94938,,,,,,,,,,,,,19900101,20221231,annually
PG-94723,FALSE,FALSE,FALSE,94723,,,,,,,,,,,,,19900101,20221231,annually
PG-94569,FALSE,FALSE,FALSE,94569,,,,,,,,,,,,,19900101,20221231,annually
PG-94568,FALSE,FALSE,FALSE,94568,,,,,,,,,,,,,19900101,20221231,annually
PG-94199,FALSE,FALSE,FALSE,94199,,,,,,,,,,,,,19900101,20221231,annually
PG-94050,FALSE,FALSE,FALSE,94050,,,,,,,,,,,,,19900101,20221231,annually
PG-93130,FALSE,FALSE,FALSE,93130,,,,,,,,,,,,,19900101,20221231,annually
PG-92870,FALSE,FALSE,FALSE,92870,,,,,,,,,,,,,19900101,20221231,annually
PG-92051,FALSE,FALSE,FALSE,92051,,,,,,,,,,,,,19900101,20221231,annually
PG-91696,FALSE,FALSE,FALSE,91696,,,,,,,,,,,,,19900101,20221231,annually
PG-91676,FALSE,FALSE,FALSE,91676,,,,,,,,,,,,,19900101,20221231,annually
PG-91668,FALSE,FALSE,FALSE,91668,,,,,,,,,,,,,19900101,20221231,annually
PG-91349,FALSE,FALSE,FALSE,91349,,,,,,,,,,,,,19900101,20221231,annually
PG-91341,FALSE,FALSE,FALSE,91341,,,,,,,,,,,,,19900101,20221231,annually
PG-90975,FALSE,FALSE,FALSE,90975,,,,,,,,,,,,,19900101,20221231,annually
PG-89525,FALSE,FALSE,FALSE,89525,,,,,,,,,,,,,19900101,20221231,annually
PG-88803,FALSE,FALSE,FALSE,88803,,,,,,,,,,,,,19900101,20221231,annually
PG-87366,FALSE,FALSE,FALSE,87366,,,,,,,,,,,,,19900101,20221231,annually
PG-87004,FALSE,FALSE,FALSE,87004,,,,,,,,,,,,,19900101,20221231,annually
PG-86635,FALSE,FALSE,FALSE,86635,,,,,,,,,,,,,19900101,20221231,annually
PG-86288,FALSE,FALSE,FALSE,86288,,,,,,,,,,,,,19900101,20221231,annually
PG-86086,FALSE,FALSE,FALSE,86086,,,,,,,,,,,,,19900101,20221231,annually
PG-85183,FALSE,FALSE,FALSE,85183,,,,,,,,,,,,,19900101,20221231,annually
PG-84139,FALSE,FALSE,FALSE,84139,,,,,,,,,,,,,19900101,20221231,annually
PG-83022,FALSE,FALSE,FALSE,83022,,,,,,,,,,,,,19900101,20221231,annually
PG-83020,FALSE,FALSE,FALSE,83020,,,,,,,,,,,,,19900101,20221231,annually
PG-79454,FALSE,FALSE,FALSE,79454,,,,,,,,,,,,,19900101,20221231,annually
PG-79427,FALSE,FALSE,FALSE,79427,,,,,,,,,,,,,19900101,20221231,annually
PG-78715,FALSE,FALSE,FALSE,78715,,,,,,,,,,,,,19900101,20221231,annually
PG-75829,FALSE,FALSE,FALSE,75829,,,,,,,,,,,,,19900101,20221231,annually
PG-75824,FALSE,FALSE,FALSE,75824,,,,,,,,,,,,,19900101,20221231,annually
PG-75113,FALSE,FALSE,FALSE,75113,,,,,,,,,,,,,19900101,20221231,annually
PG-74389,FALSE,FALSE,FALSE,74389,,,,,,,,,,,,,19900101,20221231,annually
PG-69351,FALSE,FALSE,FALSE,69351,,,,,,,,,,,,,19900101,20221231,annually
PG-69341,FALSE,FALSE,FALSE,69341,,,,,,,,,,,,,19900101,20221231,annually
PG-68631,FALSE,FALSE,FALSE,68631,,,,,,,,,,,,,19900101,20221231,annually
PG-65023,FALSE,FALSE,FALSE,65023,,,,,,,,,,,,,19900101,20221231,annually
PG-55660,FALSE,FALSE,FALSE,55660,,,,,,,,,,,,,19900101,20221231,annually
PG-54242,FALSE,FALSE,FALSE,54242,,,,,,,,,,,,,19900101,20221231,annually
PG-51340,FALSE,FALSE,FALSE,51340,,,,,,,,,,,,,19900101,20221231,annually
