Actor1Name,Actor1TypeCode,Actor1Type1Code,Actor1Type2Code,Actor1Type3Code,Actor1CountryCode,Actor1Geo_CountryCode,Actor2Name,Actor2TypeCode,Actor2Type1Code,Actor2Type2Code,Actor2Type3Code,Actor2CountryCode,Actor2Geo_CountryCode,ActionGeo_CountryCode,QuadClass
,,,,,,,,,,,,,,,
,COP,,,,,,,,,,,,,,
,GOV,,,,,,,,,,,,,,
,INS,,,,,,,,,,,,,,
,JUD,,,,,,,,,,,,,,
,MIL,,,,,,,,,,,,,,
,OPP,,,,,,,,,,,,,,
,REB,,,,,,,,,,,,,,
,SEP,,,,,,,,,,,,,,
,SPY,,,,,,,,,,,,,,
,UAF,,,,,,,,,,,,,,
,AGR,,,,,,,,,,,,,,
,BUS,,,,,,,,,,,,,,
,CRM,,,,,,,,,,,,,,
,CVL,,,,,,,,,,,,,,
,DEV,,,,,,,,,,,,,,
,EDU,,,,,,,,,,,,,,
,ELI,,,,,,,,,,,,,,
,ENV,,,,,,,,,,,,,,
,HLH,,,,,,,,,,,,,,
,HRI,,,,,,,,,,,,,,
,LAB,,,,,,,,,,,,,,
,LEG,,,,,,,,,,,,,,
,MED,,,,,,,,,,,,,,
,REF,,,,,,,,,,,,,,
,MAD,,,,,,,,,,,,,,
,RAD,,,,,,,,,,,,,,
,IGO,,,,,,,,,,,,,,
,IMG,,,,,,,,,,,,,,
,INT,,,,,,,,,,,,,,
,MNC,,,,,,,,,,,,,,
,NGM,,,,,,,,,,,,,,
,NGO,,,,,,,,,,,,,,
,UIS,,,,,,,,,,,,,,
